artikel_id,outlet_id,url,judul,tanggal_terbit,teks,hash_shingle,kecamatan,sumber_koleksi,ringkasan,kategori,topik,peristiwa_id,klaster_id,source_url,archive_url,retrieved_at,first_seen,last_checked,fiktif,jaccard_klaster
ART-F001,harian-losari.example,https://harian-losari.example/2016/02/15/wali-kota-resmikan-lorong-garden-ke-100-di-rappocini,Wali Kota resmikan lorong garden ke-100 di Rappocini,2016-02-15,"Wali Kota Makassar Danny Pomanto meresmikan lorong garden ke-100 di Kecamatan Rappocini, Senin. Program lorong garden yang digagas Wali Kota itu menyulap lorong sempit menjadi ruang hijau produktif. Danny berpesan agar warga menjaga tanaman yang sudah ditanam. Peresmian dihadiri camat, lurah, dan tokoh masyarakat setempat.",63563b94b270ec97,Rappocini,fixture,"Wali Kota Makassar Danny Pomanto meresmikan lorong garden ke-100 di Kecamatan Rappocini, Senin. Program lorong garden yang digagas Wali Kota itu menyulap lorong sempit menjadi ruang hijau produktif.",infrastruktur,"['lorong', 'garden', 'rappocini', 'danny']",,MKS-KLS-F01,https://harian-losari.example/2016/02/15/wali-kota-resmikan-lorong-garden-ke-100-di-rappocini,,2026-09-09,2026-09-09T00:00:00+07:00,2026-09-09T00:00:00+07:00,True,1.0
ART-F002,suara-tamalanrea.example,https://suara-tamalanrea.example/2016/02/16/walikota-resmikan-lorong-garden-ke-100-di-rappocini,Walikota resmikan lorong garden ke-100 di Rappocini,2016-02-16,"Walikota Makassar Danny Pomanto meresmikan lorong garden ke-100 di Kecamatan Rappocini, Senin (siang). Program lorong garden yang digagas Wali Kota itu menyulap lorong sempit menjadi ruang hijau produktif. Danny berpesan agar warga menjaga tanaman yang sudah ditanam. Peresmian dihadiri camat, lurah, dan tokoh masyarakat setempat.",8c1b0e89bce78260,Rappocini,fixture,"Walikota Makassar Danny Pomanto meresmikan lorong garden ke-100 di Kecamatan Rappocini, Senin (siang). Program lorong garden yang digagas Wali Kota itu menyulap lorong sempit menjadi ruang hijau produktif.",infrastruktur,"['lorong', 'garden', 'rappocini', 'danny']",,MKS-KLS-F01,https://suara-tamalanrea.example/2016/02/16/walikota-resmikan-lorong-garden-ke-100-di-rappocini,,2026-09-09,2026-09-09T00:00:00+07:00,2026-09-09T00:00:00+07:00,True,0.75
ART-F003,sulsel-kini.example,https://sulsel-kini.example/2016/02/15/walikota-resmikan-lorong-garden-ke-100-di-rappocini,Walikota resmikan lorong garden ke-100 di Rappocini,2016-02-15,"MAKASSAR — Wali Kota Makassar Danny Pomanto meresmikan lorong garden ke-100 di Kecamatan Rappocini, Senin. Program lorong garden yang digagas Wali Kota itu menyulap lorong sempit menjadi ruang hijau produktif. Danny mengimbau agar warga menjaga tanaman yang sudah ditanam. Peresmian dihadiri camat, lurah, dan tokoh masyarakat setempat.",9b8ca00d54462e39,Rappocini,fixture,"MAKASSAR — Wali Kota Makassar Danny Pomanto meresmikan lorong garden ke-100 di Kecamatan Rappocini, Senin. Program lorong garden yang digagas Wali Kota itu menyulap lorong sempit menjadi ruang hijau produktif.",infrastruktur,"['lorong', 'garden', 'rappocini', 'danny']",,MKS-KLS-F01,https://sulsel-kini.example/2016/02/15/walikota-resmikan-lorong-garden-ke-100-di-rappocini,,2026-09-09,2026-09-09T00:00:00+07:00,2026-09-09T00:00:00+07:00,True,0.77
ART-F004,harian-losari.example,https://harian-losari.example/2020/01/20/pj-wali-kota-pastikan-penyaluran-bantuan-sesuai-data,Pj Wali Kota pastikan penyaluran bantuan sesuai data,2020-01-20,Pj Wali Kota Makassar memastikan penyaluran bantuan pangan Dinas Sosial berjalan sesuai data terpadu. Dinas Sosial menyalurkan bantuan kepada 1.200 keluarga di lima kecamatan. Penyaluran dilakukan petugas dinas bersama kelurahan. Pj Wali Kota meminta pengawasan berlapis agar bantuan tepat sasaran.,e9c148f2820a6f57,,fixture,Pj Wali Kota Makassar memastikan penyaluran bantuan pangan Dinas Sosial berjalan sesuai data terpadu. Dinas Sosial menyalurkan bantuan kepada 1.200 keluarga di lima kecamatan.,bantuan sosial,"['bantuan', 'penyaluran', 'dinas', 'sesuai']",,MKS-KLS-F02,https://harian-losari.example/2020/01/20/pj-wali-kota-pastikan-penyaluran-bantuan-sesuai-data,,2026-09-09,2026-09-09T00:00:00+07:00,2026-09-09T00:00:00+07:00,True,1.0
ART-F005,suara-tamalanrea.example,https://suara-tamalanrea.example/2020/01/21/pj-walikota-pastikan-penyaluran-bantuan-sesuai-data,Pj Walikota pastikan penyaluran bantuan sesuai data,2020-01-21,Pj Walikota Makassar memastikan penyaluran bantuan pangan Dinas Sosial berjalan sesuai data terpadu. Dinas Sosial menyalurkan bantuan kepada 1.200 keluarga di lima kecamatan. Penyaluran dilakukan petugas dinas bersama kelurahan. Pj Wali Kota meminta pengawasan berlapis agar bantuan tepat sasaran.,3354956340d653f1,,fixture,Pj Walikota Makassar memastikan penyaluran bantuan pangan Dinas Sosial berjalan sesuai data terpadu. Dinas Sosial menyalurkan bantuan kepada 1.200 keluarga di lima kecamatan.,bantuan sosial,"['bantuan', 'penyaluran', 'dinas', 'sesuai']",,MKS-KLS-F02,https://suara-tamalanrea.example/2020/01/21/pj-walikota-pastikan-penyaluran-bantuan-sesuai-data,,2026-09-09,2026-09-09T00:00:00+07:00,2026-09-09T00:00:00+07:00,True,0.87
ART-F006,sulsel-kini.example,https://sulsel-kini.example/2020/01/20/pj-walikota-pastikan-penyaluran-bantuan-sesuai-data,Pj Walikota pastikan penyaluran bantuan sesuai data,2020-01-20,MAKASSAR — Pj Wali Kota Makassar memastikan penyaluran bantuan pangan Dinas Sosial berjalan sesuai data terpadu. Dinas Sosial menyalurkan bantuan kepada 1.200 keluarga di lima kecamatan. Penyaluran dilakukan petugas dinas bersama kelurahan. Pj Wali Kota meminta pengawasan berlapis agar bantuan tepat sasaran.,5f088febb65351ea,,fixture,MAKASSAR — Pj Wali Kota Makassar memastikan penyaluran bantuan pangan Dinas Sosial berjalan sesuai data terpadu. Dinas Sosial menyalurkan bantuan kepada 1.200 keluarga di lima kecamatan.,bantuan sosial,"['bantuan', 'penyaluran', 'dinas', 'sesuai']",,MKS-KLS-F02,https://sulsel-kini.example/2020/01/20/pj-walikota-pastikan-penyaluran-bantuan-sesuai-data,,2026-09-09,2026-09-09T00:00:00+07:00,2026-09-09T00:00:00+07:00,True,0.97
ART-F007,harian-losari.example,https://harian-losari.example/2020/08/24/bantuan-dari-bapak-wali-kota-tiba-di-tamalanrea,Bantuan dari Bapak Wali Kota tiba di Tamalanrea,2020-08-24,"Bantuan sembako dari Bapak Wali Kota tiba di Kecamatan Tamalanrea, Senin, dan langsung dibagikan kepada 500 keluarga. Wali Kota Danny Pomanto menyerahkan bantuan secara simbolis dan berpesan agar warga tetap menjaga protokol kesehatan. Warga menyampaikan terima kasih atas perhatian Wali Kota.",014b57493e56dfef,Tamalanrea,fixture,"Bantuan sembako dari Bapak Wali Kota tiba di Kecamatan Tamalanrea, Senin, dan langsung dibagikan kepada 500 keluarga. Wali Kota Danny Pomanto menyerahkan bantuan secara simbolis dan berpesan agar warga tetap menjaga protokol kesehatan.",bantuan sosial,"['bantuan', 'bapak', 'tiba', 'tamalanrea']",,MKS-KLS-F03,https://harian-losari.example/2020/08/24/bantuan-dari-bapak-wali-kota-tiba-di-tamalanrea,,2026-09-09,2026-09-09T00:00:00+07:00,2026-09-09T00:00:00+07:00,True,1.0
ART-F008,suara-tamalanrea.example,https://suara-tamalanrea.example/2020/08/25/bantuan-dari-bapak-walikota-tiba-di-tamalanrea,Bantuan dari Bapak Walikota tiba di Tamalanrea,2020-08-25,"Bantuan sembako dari Bapak Wali Kota tiba di Kecamatan Tamalanrea, Senin (siang), dan langsung dibagikan kepada 500 keluarga. Wali Kota Danny Pomanto menyerahkan bantuan secara simbolis dan berpesan agar warga tetap menjaga protokol kesehatan. Warga menyampaikan terima kasih atas perhatian Wali Kota.",13c64e696ff1b0b4,Tamalanrea,fixture,"Bantuan sembako dari Bapak Wali Kota tiba di Kecamatan Tamalanrea, Senin (siang), dan langsung dibagikan kepada 500 keluarga.",bantuan sosial,"['bantuan', 'bapak', 'tiba', 'tamalanrea']",,MKS-KLS-F03,https://suara-tamalanrea.example/2020/08/25/bantuan-dari-bapak-walikota-tiba-di-tamalanrea,,2026-09-09,2026-09-09T00:00:00+07:00,2026-09-09T00:00:00+07:00,True,0.79
ART-F009,sulsel-kini.example,https://sulsel-kini.example/2020/08/24/bantuan-dari-bapak-walikota-tiba-di-tamalanrea,Bantuan dari Bapak Walikota tiba di Tamalanrea,2020-08-24,"MAKASSAR — Bantuan sembako dari Bapak Wali Kota tiba di Kecamatan Tamalanrea, Senin, dan langsung dibagikan kepada 500 keluarga. Wali Kota Danny Pomanto menyerahkan bantuan secara simbolis dan mengimbau agar warga tetap menjaga protokol kesehatan. Warga menyampaikan terima kasih atas perhatian Wali Kota.",65453778744f2016,Tamalanrea,fixture,"MAKASSAR — Bantuan sembako dari Bapak Wali Kota tiba di Kecamatan Tamalanrea, Senin, dan langsung dibagikan kepada 500 keluarga.",bantuan sosial,"['bantuan', 'bapak', 'tiba', 'tamalanrea']",,MKS-KLS-F03,https://sulsel-kini.example/2020/08/24/bantuan-dari-bapak-walikota-tiba-di-tamalanrea,,2026-09-09,2026-09-09T00:00:00+07:00,2026-09-09T00:00:00+07:00,True,0.74
ART-F010,harian-losari.example,https://harian-losari.example/2024/08/12/danny-serahkan-2-000-paket-bantuan-di-tallo,Danny serahkan 2.000 paket bantuan di Tallo,2024-08-12,"Wali Kota Makassar Danny Pomanto menyerahkan 2.000 paket bantuan sembako kepada warga Kecamatan Tallo, Senin. Bantuan dari Wali Kota itu merupakan bagian dari program peduli warga menjelang akhir masa jabatan. Danny mengatakan bantuan akan berlanjut ke kecamatan lain. Warga berterima kasih kepada Bapak Wali Kota.",a074df4e1460b468,Tallo,fixture,"Wali Kota Makassar Danny Pomanto menyerahkan 2.000 paket bantuan sembako kepada warga Kecamatan Tallo, Senin. Bantuan dari Wali Kota itu merupakan bagian dari program peduli warga menjelang akhir masa jabatan.",bantuan sosial,"['bantuan', 'danny', 'warga', 'paket']",,MKS-KLS-F04,https://harian-losari.example/2024/08/12/danny-serahkan-2-000-paket-bantuan-di-tallo,,2026-09-09,2026-09-09T00:00:00+07:00,2026-09-09T00:00:00+07:00,True,1.0
ART-F011,suara-tamalanrea.example,https://suara-tamalanrea.example/2024/08/13/danny-serahkan-2-000-paket-bantuan-di-tallo,Danny serahkan 2.000 paket bantuan di Tallo,2024-08-13,"Walikota Makassar Danny Pomanto menyerahkan 2.000 paket bantuan sembako kepada warga Kecamatan Tallo, Senin (siang). Bantuan dari Wali Kota itu merupakan bagian dari program peduli warga menjelang akhir masa jabatan. Danny mengatakan bantuan akan berlanjut ke kecamatan lain. Warga berterima kasih kepada Bapak Wali Kota.",1edd6c88b196e573,Tallo,fixture,"Walikota Makassar Danny Pomanto menyerahkan 2.000 paket bantuan sembako kepada warga Kecamatan Tallo, Senin (siang). Bantuan dari Wali Kota itu merupakan bagian dari program peduli warga menjelang akhir masa jabatan.",bantuan sosial,"['bantuan', 'danny', 'warga', 'paket']",,MKS-KLS-F04,https://suara-tamalanrea.example/2024/08/13/danny-serahkan-2-000-paket-bantuan-di-tallo,,2026-09-09,2026-09-09T00:00:00+07:00,2026-09-09T00:00:00+07:00,True,0.75
ART-F012,sulsel-kini.example,https://sulsel-kini.example/2024/08/12/danny-serahkan-2-000-paket-bantuan-di-tallo,Danny serahkan 2.000 paket bantuan di Tallo,2024-08-12,"MAKASSAR — Wali Kota Makassar Danny Pomanto menyerahkan 2.000 paket bantuan sembako kepada warga Kecamatan Tallo, Senin. Bantuan dari Wali Kota itu merupakan bagian dari program peduli warga menjelang akhir masa jabatan. Danny mengatakan bantuan akan berlanjut ke kecamatan lain. Warga berterima kasih kepada Bapak Wali Kota.",e756febb1afeb662,Tallo,fixture,"MAKASSAR — Wali Kota Makassar Danny Pomanto menyerahkan 2.000 paket bantuan sembako kepada warga Kecamatan Tallo, Senin. Bantuan dari Wali Kota itu merupakan bagian dari program peduli warga menjelang akhir masa jabatan.",bantuan sosial,"['bantuan', 'danny', 'warga', 'paket']",,MKS-KLS-F04,https://sulsel-kini.example/2024/08/12/danny-serahkan-2-000-paket-bantuan-di-tallo,,2026-09-09,2026-09-09T00:00:00+07:00,2026-09-09T00:00:00+07:00,True,0.98
ART-F013,harian-losari.example,https://harian-losari.example/2024/09/02/wali-kota-luncurkan-perbaikan-40-ruas-jalan-lingkungan,Wali Kota luncurkan perbaikan 40 ruas jalan lingkungan,2024-09-02,"Wali Kota Makassar meluncurkan perbaikan 40 ruas jalan lingkungan di enam kecamatan, Senin. Program perbaikan jalan atas arahan Wali Kota itu menelan anggaran Rp 18 miliar dari APBD. Danny meninjau langsung lokasi pengerjaan di Manggala dan Biringkanaya. Ia berpesan agar kontraktor menjaga mutu pekerjaan.",bc8bd414f436e33c,Manggala,fixture,"Wali Kota Makassar meluncurkan perbaikan 40 ruas jalan lingkungan di enam kecamatan, Senin. Program perbaikan jalan atas arahan Wali Kota itu menelan anggaran Rp 18 miliar dari APBD.",infrastruktur,"['perbaikan', 'jalan', 'ruas', 'lingkungan']",,MKS-KLS-F05,https://harian-losari.example/2024/09/02/wali-kota-luncurkan-perbaikan-40-ruas-jalan-lingkungan,,2026-09-09,2026-09-09T00:00:00+07:00,2026-09-09T00:00:00+07:00,True,1.0
ART-F014,suara-tamalanrea.example,https://suara-tamalanrea.example/2024/09/03/walikota-luncurkan-perbaikan-40-ruas-jalan-lingkungan,Walikota luncurkan perbaikan 40 ruas jalan lingkungan,2024-09-03,"Walikota Makassar meluncurkan perbaikan 40 ruas jalan lingkungan di enam kecamatan, Senin (siang). Program perbaikan jalan atas arahan Wali Kota itu menelan anggaran Rp 18 miliar dari APBD. Danny meninjau langsung lokasi pengerjaan di Manggala dan Biringkanaya. Ia berpesan agar kontraktor menjaga mutu pekerjaan.",13bf2b5091e1da85,Manggala,fixture,"Walikota Makassar meluncurkan perbaikan 40 ruas jalan lingkungan di enam kecamatan, Senin (siang). Program perbaikan jalan atas arahan Wali Kota itu menelan anggaran Rp 18 miliar dari APBD.",infrastruktur,"['perbaikan', 'jalan', 'ruas', 'lingkungan']",,MKS-KLS-F05,https://suara-tamalanrea.example/2024/09/03/walikota-luncurkan-perbaikan-40-ruas-jalan-lingkungan,,2026-09-09,2026-09-09T00:00:00+07:00,2026-09-09T00:00:00+07:00,True,0.74
ART-F015,sulsel-kini.example,https://sulsel-kini.example/2024/09/02/walikota-luncurkan-perbaikan-40-ruas-jalan-lingkungan,Walikota luncurkan perbaikan 40 ruas jalan lingkungan,2024-09-02,"MAKASSAR — Wali Kota Makassar meluncurkan perbaikan 40 ruas jalan lingkungan di enam kecamatan, Senin. Program perbaikan jalan atas arahan Wali Kota itu menelan anggaran Rp 18 miliar dari APBD. Danny meninjau langsung lokasi pengerjaan di Manggala dan Biringkanaya. Ia mengimbau agar kontraktor menjaga mutu pekerjaan.",f1872cee629cbac5,Manggala,fixture,"MAKASSAR — Wali Kota Makassar meluncurkan perbaikan 40 ruas jalan lingkungan di enam kecamatan, Senin. Program perbaikan jalan atas arahan Wali Kota itu menelan anggaran Rp 18 miliar dari APBD.",infrastruktur,"['perbaikan', 'jalan', 'ruas', 'lingkungan']",,MKS-KLS-F05,https://sulsel-kini.example/2024/09/02/walikota-luncurkan-perbaikan-40-ruas-jalan-lingkungan,,2026-09-09,2026-09-09T00:00:00+07:00,2026-09-09T00:00:00+07:00,True,0.76
ART-F016,harian-losari.example,https://harian-losari.example/2025/05/19/appi-tinjau-posko-bantuan-banjir-di-manggala,Appi tinjau posko bantuan banjir di Manggala,2025-05-19,"Wali Kota Makassar Munafri Arifuddin meninjau posko bantuan banjir di Kecamatan Manggala, Senin. Bantuan dari Wali Kota berupa makanan siap saji dan selimut dibagikan kepada 300 keluarga terdampak. Appi meminta Dinas Sosial mempercepat pendataan warga.",71a132db3b8d698a,Manggala,fixture,"Wali Kota Makassar Munafri Arifuddin meninjau posko bantuan banjir di Kecamatan Manggala, Senin. Bantuan dari Wali Kota berupa makanan siap saji dan selimut dibagikan kepada 300 keluarga terdampak.",bantuan sosial,"['bantuan', 'appi', 'posko', 'banjir']",,MKS-KLS-F06,https://harian-losari.example/2025/05/19/appi-tinjau-posko-bantuan-banjir-di-manggala,,2026-09-09,2026-09-09T00:00:00+07:00,2026-09-09T00:00:00+07:00,True,1.0
ART-F017,suara-tamalanrea.example,https://suara-tamalanrea.example/2025/05/20/appi-tinjau-posko-bantuan-banjir-di-manggala,Appi tinjau posko bantuan banjir di Manggala,2025-05-20,"Walikota Makassar Munafri Arifuddin meninjau posko bantuan banjir di Kecamatan Manggala, Senin (siang). Bantuan dari Wali Kota berupa makanan siap saji dan selimut dibagikan kepada 300 keluarga terdampak. Appi meminta Dinas Sosial mempercepat pendataan warga.",39e0b451d4123e52,Manggala,fixture,"Walikota Makassar Munafri Arifuddin meninjau posko bantuan banjir di Kecamatan Manggala, Senin (siang). Bantuan dari Wali Kota berupa makanan siap saji dan selimut dibagikan kepada 300 keluarga terdampak.",bantuan sosial,"['bantuan', 'appi', 'posko', 'banjir']",,MKS-KLS-F06,https://suara-tamalanrea.example/2025/05/20/appi-tinjau-posko-bantuan-banjir-di-manggala,,2026-09-09,2026-09-09T00:00:00+07:00,2026-09-09T00:00:00+07:00,True,0.68
ART-F018,sulsel-kini.example,https://sulsel-kini.example/2025/05/19/appi-tinjau-posko-bantuan-banjir-di-manggala,Appi tinjau posko bantuan banjir di Manggala,2025-05-19,"MAKASSAR — Wali Kota Makassar Munafri Arifuddin meninjau posko bantuan banjir di Kecamatan Manggala, Senin. Bantuan dari Wali Kota berupa makanan siap saji dan selimut dibagikan kepada 300 keluarga terdampak. Appi meminta Dinas Sosial mempercepat pendataan warga.",44590704fe73e59a,Manggala,fixture,"MAKASSAR — Wali Kota Makassar Munafri Arifuddin meninjau posko bantuan banjir di Kecamatan Manggala, Senin. Bantuan dari Wali Kota berupa makanan siap saji dan selimut dibagikan kepada 300 keluarga terdampak.",bantuan sosial,"['bantuan', 'appi', 'posko', 'banjir']",,MKS-KLS-F06,https://sulsel-kini.example/2025/05/19/appi-tinjau-posko-bantuan-banjir-di-manggala,,2026-09-09,2026-09-09T00:00:00+07:00,2026-09-09T00:00:00+07:00,True,0.97
ART-F019,timor-pagi.example,https://timor-pagi.example/2024/03/11/pemkot-kupang-salurkan-bantuan-air-bersih-ke-kelapa-lima,Pemkot Kupang salurkan bantuan air bersih ke Kelapa Lima,2024-03-11,"Pemerintah Kota Kupang melalui Dinas Sosial menyalurkan bantuan air bersih ke Kecamatan Kelapa Lima, Senin. Penyaluran dilakukan petugas dinas bersama kelurahan kepada 200 keluarga. Dinas Sosial menyatakan penyaluran akan berlanjut selama musim kemarau.",101a762e7a2f2e63,Kelapa Lima,fixture,"Pemerintah Kota Kupang melalui Dinas Sosial menyalurkan bantuan air bersih ke Kecamatan Kelapa Lima, Senin. Penyaluran dilakukan petugas dinas bersama kelurahan kepada 200 keluarga.",bantuan sosial,"['dinas', 'bantuan', 'bersih', 'kelapa']",,KPG-KLS-F01,https://timor-pagi.example/2024/03/11/pemkot-kupang-salurkan-bantuan-air-bersih-ke-kelapa-lima,,2026-09-09,2026-09-09T00:00:00+07:00,2026-09-09T00:00:00+07:00,True,1.0
ART-F020,harian-losari.example,https://harian-losari.example/2016/03/17/unjuk-rasa-pedagang-menolak-relokasi-pasar-di-depan-balai-ko,Unjuk rasa pedagang menolak relokasi pasar di depan Balai Kota,2016-03-17,Ratusan pedagang menggelar unjuk rasa unjuk rasa pedagang menolak relokasi pasar di depan Balai Kota pada 2016-03-14. Massa menuntut pembatalan kebijakan itu. Aksi berlangsung sekitar tiga jam dan dijaga aparat kepolisian. Pemerintah Kota belum memberikan tanggapan resmi hingga berita ini diturunkan.,fd3a0d48c2b9158d,Ujung Pandang,fixture,Ratusan pedagang menggelar unjuk rasa unjuk rasa pedagang menolak relokasi pasar di depan Balai Kota pada 2016-03-14. Massa menuntut pembatalan kebijakan itu.,mobilisasi / protes,"['unjuk', 'rasa', 'pedagang', 'menolak']",MKS-PRW-F01,,https://harian-losari.example/2016/03/17/unjuk-rasa-pedagang-menolak-relokasi-pasar-di-depan-balai-ko,,2026-09-09,2026-09-09T00:00:00+07:00,2026-09-09T00:00:00+07:00,True,
ART-F021,harian-losari.example,https://harian-losari.example/2016/03/18/lanjutan-unjuk-rasa-pedagang-menolak-relokasi-pasar-di-depan,Lanjutan: unjuk rasa pedagang menolak relokasi pasar di depan Balai Kota,2016-03-18,"Ratusan pedagang menggelar unjuk rasa unjuk rasa pedagang menolak relokasi pasar di depan Balai Kota pada 2016-03-14. Massa menuntut pembatalan kebijakan itu. Aksi berlangsung sekitar tiga jam dan dijaga aparat kepolisian. Pemerintah Kota belum memberikan tanggapan resmi hingga berita ini diturunkan. Pada hari berikutnya, sejumlah warga masih mendatangi kantor kecamatan untuk menanyakan kelanjutan persoalan itu.",8768cbe8c39a7e03,Ujung Pandang,fixture,Ratusan pedagang menggelar unjuk rasa unjuk rasa pedagang menolak relokasi pasar di depan Balai Kota pada 2016-03-14. Massa menuntut pembatalan kebijakan itu.,mobilisasi / protes,"['unjuk', 'rasa', 'pedagang', 'menolak']",MKS-PRW-F01,,https://harian-losari.example/2016/03/18/lanjutan-unjuk-rasa-pedagang-menolak-relokasi-pasar-di-depan,,2026-09-09,2026-09-09T00:00:00+07:00,2026-09-09T00:00:00+07:00,True,
ART-F022,harian-losari.example,https://harian-losari.example/2016/03/19/lanjutan-unjuk-rasa-pedagang-menolak-relokasi-pasar-di-depan,Lanjutan: unjuk rasa pedagang menolak relokasi pasar di depan Balai Kota,2016-03-19,"Ratusan pedagang menggelar unjuk rasa unjuk rasa pedagang menolak relokasi pasar di depan Balai Kota pada 2016-03-14. Massa menuntut pembatalan kebijakan itu. Aksi berlangsung sekitar tiga jam dan dijaga aparat kepolisian. Pemerintah Kota belum memberikan tanggapan resmi hingga berita ini diturunkan. Pada hari berikutnya, sejumlah warga masih mendatangi kantor kecamatan untuk menanyakan kelanjutan persoalan itu.",8768cbe8c39a7e03,Ujung Pandang,fixture,Ratusan pedagang menggelar unjuk rasa unjuk rasa pedagang menolak relokasi pasar di depan Balai Kota pada 2016-03-14. Massa menuntut pembatalan kebijakan itu.,mobilisasi / protes,"['unjuk', 'rasa', 'pedagang', 'menolak']",MKS-PRW-F01,,https://harian-losari.example/2016/03/19/lanjutan-unjuk-rasa-pedagang-menolak-relokasi-pasar-di-depan,,2026-09-09,2026-09-09T00:00:00+07:00,2026-09-09T00:00:00+07:00,True,
ART-F023,sulsel-kini.example,https://sulsel-kini.example/2016/03/15/unjuk-rasa-pedagang-menolak-relokasi-pasar-di-depan-balai-ko,Unjuk rasa pedagang menolak relokasi pasar di depan Balai Kota,2016-03-15,Ratusan pedagang menggelar unjuk rasa unjuk rasa pedagang menolak relokasi pasar di depan Balai Kota pada 2016-03-14. Massa menuntut pembatalan kebijakan itu. Aksi berlangsung sekitar tiga jam dan dijaga aparat kepolisian. Pemerintah Kota belum memberikan tanggapan resmi hingga berita ini diturunkan.,fd3a0d48c2b9158d,Ujung Pandang,fixture,Ratusan pedagang menggelar unjuk rasa unjuk rasa pedagang menolak relokasi pasar di depan Balai Kota pada 2016-03-14. Massa menuntut pembatalan kebijakan itu.,mobilisasi / protes,"['unjuk', 'rasa', 'pedagang', 'menolak']",MKS-PRW-F01,,https://sulsel-kini.example/2016/03/15/unjuk-rasa-pedagang-menolak-relokasi-pasar-di-depan-balai-ko,,2026-09-09,2026-09-09T00:00:00+07:00,2026-09-09T00:00:00+07:00,True,
ART-F024,sulsel-kini.example,https://sulsel-kini.example/2016/03/16/lanjutan-unjuk-rasa-pedagang-menolak-relokasi-pasar-di-depan,Lanjutan: unjuk rasa pedagang menolak relokasi pasar di depan Balai Kota,2016-03-16,"Ratusan pedagang menggelar unjuk rasa unjuk rasa pedagang menolak relokasi pasar di depan Balai Kota pada 2016-03-14. Massa menuntut pembatalan kebijakan itu. Aksi berlangsung sekitar tiga jam dan dijaga aparat kepolisian. Pemerintah Kota belum memberikan tanggapan resmi hingga berita ini diturunkan. Pada hari berikutnya, sejumlah warga masih mendatangi kantor kecamatan untuk menanyakan kelanjutan persoalan itu.",8768cbe8c39a7e03,Ujung Pandang,fixture,Ratusan pedagang menggelar unjuk rasa unjuk rasa pedagang menolak relokasi pasar di depan Balai Kota pada 2016-03-14. Massa menuntut pembatalan kebijakan itu.,mobilisasi / protes,"['unjuk', 'rasa', 'pedagang', 'menolak']",MKS-PRW-F01,,https://sulsel-kini.example/2016/03/16/lanjutan-unjuk-rasa-pedagang-menolak-relokasi-pasar-di-depan,,2026-09-09,2026-09-09T00:00:00+07:00,2026-09-09T00:00:00+07:00,True,
ART-F025,sulsel-kini.example,https://sulsel-kini.example/2016/03/17/lanjutan-unjuk-rasa-pedagang-menolak-relokasi-pasar-di-depan,Lanjutan: unjuk rasa pedagang menolak relokasi pasar di depan Balai Kota,2016-03-17,"Ratusan pedagang menggelar unjuk rasa unjuk rasa pedagang menolak relokasi pasar di depan Balai Kota pada 2016-03-14. Massa menuntut pembatalan kebijakan itu. Aksi berlangsung sekitar tiga jam dan dijaga aparat kepolisian. Pemerintah Kota belum memberikan tanggapan resmi hingga berita ini diturunkan. Pada hari berikutnya, sejumlah warga masih mendatangi kantor kecamatan untuk menanyakan kelanjutan persoalan itu.",8768cbe8c39a7e03,Ujung Pandang,fixture,Ratusan pedagang menggelar unjuk rasa unjuk rasa pedagang menolak relokasi pasar di depan Balai Kota pada 2016-03-14. Massa menuntut pembatalan kebijakan itu.,mobilisasi / protes,"['unjuk', 'rasa', 'pedagang', 'menolak']",MKS-PRW-F01,,https://sulsel-kini.example/2016/03/17/lanjutan-unjuk-rasa-pedagang-menolak-relokasi-pasar-di-depan,,2026-09-09,2026-09-09T00:00:00+07:00,2026-09-09T00:00:00+07:00,True,
ART-F026,kabar-pelabuhan.example,https://kabar-pelabuhan.example/2016/03/14/unjuk-rasa-pedagang-menolak-relokasi-pasar-di-depan-balai-ko,Unjuk rasa pedagang menolak relokasi pasar di depan Balai Kota,2016-03-14,Ratusan pedagang menggelar unjuk rasa unjuk rasa pedagang menolak relokasi pasar di depan Balai Kota pada 2016-03-14. Massa menuntut pembatalan kebijakan itu. Aksi berlangsung sekitar tiga jam dan dijaga aparat kepolisian. Pemerintah Kota belum memberikan tanggapan resmi hingga berita ini diturunkan.,fd3a0d48c2b9158d,Ujung Pandang,fixture,Ratusan pedagang menggelar unjuk rasa unjuk rasa pedagang menolak relokasi pasar di depan Balai Kota pada 2016-03-14. Massa menuntut pembatalan kebijakan itu.,mobilisasi / protes,"['unjuk', 'rasa', 'pedagang', 'menolak']",MKS-PRW-F01,,https://kabar-pelabuhan.example/2016/03/14/unjuk-rasa-pedagang-menolak-relokasi-pasar-di-depan-balai-ko,,2026-09-09,2026-09-09T00:00:00+07:00,2026-09-09T00:00:00+07:00,True,
ART-F027,sulsel-kini.example,https://sulsel-kini.example/2017/11/07/inspektorat-menerbitkan-temuan-atas-belanja-publikasi-dinas,Inspektorat menerbitkan temuan atas belanja publikasi dinas,2017-11-07,"Inspektorat inspektorat menerbitkan temuan atas belanja publikasi dinas, menurut dokumen yang diperoleh redaksi pada 2017-11-06. Dokumen itu mencatat sejumlah temuan yang harus ditindaklanjuti dalam 60 hari. Kepala dinas terkait mengatakan pihaknya akan mempelajari temuan tersebut. Pemerintah Kota menyatakan menghormati proses yang berjalan.",0cdd2c602c8bd388,,fixture,"Inspektorat inspektorat menerbitkan temuan atas belanja publikasi dinas, menurut dokumen yang diperoleh redaksi pada 2017-11-06. Dokumen itu mencatat sejumlah temuan yang harus ditindaklanjuti dalam 60 hari.",penindakan / pengawasan,"['temuan', 'inspektorat', 'dinas', 'menerbitkan']",MKS-PRW-F02,,https://sulsel-kini.example/2017/11/07/inspektorat-menerbitkan-temuan-atas-belanja-publikasi-dinas,,2026-09-09,2026-09-09T00:00:00+07:00,2026-09-09T00:00:00+07:00,True,
ART-F028,sulsel-kini.example,https://sulsel-kini.example/2017/11/08/lanjutan-inspektorat-menerbitkan-temuan-atas-belanja-publika,Lanjutan: inspektorat menerbitkan temuan atas belanja publikasi dinas,2017-11-08,"Inspektorat inspektorat menerbitkan temuan atas belanja publikasi dinas, menurut dokumen yang diperoleh redaksi pada 2017-11-06. Dokumen itu mencatat sejumlah temuan yang harus ditindaklanjuti dalam 60 hari. Kepala dinas terkait mengatakan pihaknya akan mempelajari temuan tersebut. Pemerintah Kota menyatakan menghormati proses yang berjalan. Pada hari berikutnya, sejumlah warga masih mendatangi kantor kecamatan untuk menanyakan kelanjutan persoalan itu.",f3c20c5ccc3351fa,,fixture,"Inspektorat inspektorat menerbitkan temuan atas belanja publikasi dinas, menurut dokumen yang diperoleh redaksi pada 2017-11-06. Dokumen itu mencatat sejumlah temuan yang harus ditindaklanjuti dalam 60 hari.",penindakan / pengawasan,"['temuan', 'inspektorat', 'dinas', 'menerbitkan']",MKS-PRW-F02,,https://sulsel-kini.example/2017/11/08/lanjutan-inspektorat-menerbitkan-temuan-atas-belanja-publika,,2026-09-09,2026-09-09T00:00:00+07:00,2026-09-09T00:00:00+07:00,True,
ART-F029,sulsel-kini.example,https://sulsel-kini.example/2017/11/09/lanjutan-inspektorat-menerbitkan-temuan-atas-belanja-publika,Lanjutan: inspektorat menerbitkan temuan atas belanja publikasi dinas,2017-11-09,"Inspektorat inspektorat menerbitkan temuan atas belanja publikasi dinas, menurut dokumen yang diperoleh redaksi pada 2017-11-06. Dokumen itu mencatat sejumlah temuan yang harus ditindaklanjuti dalam 60 hari. Kepala dinas terkait mengatakan pihaknya akan mempelajari temuan tersebut. Pemerintah Kota menyatakan menghormati proses yang berjalan. Pada hari berikutnya, sejumlah warga masih mendatangi kantor kecamatan untuk menanyakan kelanjutan persoalan itu.",f3c20c5ccc3351fa,,fixture,"Inspektorat inspektorat menerbitkan temuan atas belanja publikasi dinas, menurut dokumen yang diperoleh redaksi pada 2017-11-06. Dokumen itu mencatat sejumlah temuan yang harus ditindaklanjuti dalam 60 hari.",penindakan / pengawasan,"['temuan', 'inspektorat', 'dinas', 'menerbitkan']",MKS-PRW-F02,,https://sulsel-kini.example/2017/11/09/lanjutan-inspektorat-menerbitkan-temuan-atas-belanja-publika,,2026-09-09,2026-09-09T00:00:00+07:00,2026-09-09T00:00:00+07:00,True,
ART-F030,kabar-pelabuhan.example,https://kabar-pelabuhan.example/2017/11/07/inspektorat-menerbitkan-temuan-atas-belanja-publikasi-dinas,Inspektorat menerbitkan temuan atas belanja publikasi dinas,2017-11-07,"Inspektorat inspektorat menerbitkan temuan atas belanja publikasi dinas, menurut dokumen yang diperoleh redaksi pada 2017-11-06. Dokumen itu mencatat sejumlah temuan yang harus ditindaklanjuti dalam 60 hari. Kepala dinas terkait mengatakan pihaknya akan mempelajari temuan tersebut. Pemerintah Kota menyatakan menghormati proses yang berjalan.",0cdd2c602c8bd388,,fixture,"Inspektorat inspektorat menerbitkan temuan atas belanja publikasi dinas, menurut dokumen yang diperoleh redaksi pada 2017-11-06. Dokumen itu mencatat sejumlah temuan yang harus ditindaklanjuti dalam 60 hari.",penindakan / pengawasan,"['temuan', 'inspektorat', 'dinas', 'menerbitkan']",MKS-PRW-F02,,https://kabar-pelabuhan.example/2017/11/07/inspektorat-menerbitkan-temuan-atas-belanja-publikasi-dinas,,2026-09-09,2026-09-09T00:00:00+07:00,2026-09-09T00:00:00+07:00,True,
ART-F031,kabar-pelabuhan.example,https://kabar-pelabuhan.example/2017/11/08/lanjutan-inspektorat-menerbitkan-temuan-atas-belanja-publika,Lanjutan: inspektorat menerbitkan temuan atas belanja publikasi dinas,2017-11-08,"Inspektorat inspektorat menerbitkan temuan atas belanja publikasi dinas, menurut dokumen yang diperoleh redaksi pada 2017-11-06. Dokumen itu mencatat sejumlah temuan yang harus ditindaklanjuti dalam 60 hari. Kepala dinas terkait mengatakan pihaknya akan mempelajari temuan tersebut. Pemerintah Kota menyatakan menghormati proses yang berjalan. Pada hari berikutnya, sejumlah warga masih mendatangi kantor kecamatan untuk menanyakan kelanjutan persoalan itu.",f3c20c5ccc3351fa,,fixture,"Inspektorat inspektorat menerbitkan temuan atas belanja publikasi dinas, menurut dokumen yang diperoleh redaksi pada 2017-11-06. Dokumen itu mencatat sejumlah temuan yang harus ditindaklanjuti dalam 60 hari.",penindakan / pengawasan,"['temuan', 'inspektorat', 'dinas', 'menerbitkan']",MKS-PRW-F02,,https://kabar-pelabuhan.example/2017/11/08/lanjutan-inspektorat-menerbitkan-temuan-atas-belanja-publika,,2026-09-09,2026-09-09T00:00:00+07:00,2026-09-09T00:00:00+07:00,True,
ART-F032,kabar-pelabuhan.example,https://kabar-pelabuhan.example/2017/11/09/lanjutan-inspektorat-menerbitkan-temuan-atas-belanja-publika,Lanjutan: inspektorat menerbitkan temuan atas belanja publikasi dinas,2017-11-09,"Inspektorat inspektorat menerbitkan temuan atas belanja publikasi dinas, menurut dokumen yang diperoleh redaksi pada 2017-11-06. Dokumen itu mencatat sejumlah temuan yang harus ditindaklanjuti dalam 60 hari. Kepala dinas terkait mengatakan pihaknya akan mempelajari temuan tersebut. Pemerintah Kota menyatakan menghormati proses yang berjalan. Pada hari berikutnya, sejumlah warga masih mendatangi kantor kecamatan untuk menanyakan kelanjutan persoalan itu.",f3c20c5ccc3351fa,,fixture,"Inspektorat inspektorat menerbitkan temuan atas belanja publikasi dinas, menurut dokumen yang diperoleh redaksi pada 2017-11-06. Dokumen itu mencatat sejumlah temuan yang harus ditindaklanjuti dalam 60 hari.",penindakan / pengawasan,"['temuan', 'inspektorat', 'dinas', 'menerbitkan']",MKS-PRW-F02,,https://kabar-pelabuhan.example/2017/11/09/lanjutan-inspektorat-menerbitkan-temuan-atas-belanja-publika,,2026-09-09,2026-09-09T00:00:00+07:00,2026-09-09T00:00:00+07:00,True,
ART-F033,suara-tamalanrea.example,https://suara-tamalanrea.example/2019/10/22/perwali-tentang-retribusi-parkir-dicabut-setelah-tiga-bulan-,Perwali tentang retribusi parkir dicabut setelah tiga bulan berlaku,2019-10-22,Pemerintah Kota perwali tentang retribusi parkir dicabut setelah tiga bulan berlaku pada 2019-10-21. Pencabutan dilakukan setelah gelombang keberatan dari warga dan pelaku usaha. Bagian Hukum menyatakan aturan pengganti sedang disusun. Anggota DPRD meminta pemerintah kota lebih cermat sebelum menerbitkan aturan.,a2f958d5cd9b0f4a,,fixture,Pemerintah Kota perwali tentang retribusi parkir dicabut setelah tiga bulan berlaku pada 2019-10-21. Pencabutan dilakukan setelah gelombang keberatan dari warga dan pelaku usaha.,kebijakan / regulasi,"['perwali', 'tentang', 'retribusi', 'parkir']",MKS-PRW-F03,,https://suara-tamalanrea.example/2019/10/22/perwali-tentang-retribusi-parkir-dicabut-setelah-tiga-bulan-,,2026-09-09,2026-09-09T00:00:00+07:00,2026-09-09T00:00:00+07:00,True,
ART-F034,kabar-pelabuhan.example,https://kabar-pelabuhan.example/2019/10/21/perwali-tentang-retribusi-parkir-dicabut-setelah-tiga-bulan-,Perwali tentang retribusi parkir dicabut setelah tiga bulan berlaku,2019-10-21,Pemerintah Kota perwali tentang retribusi parkir dicabut setelah tiga bulan berlaku pada 2019-10-21. Pencabutan dilakukan setelah gelombang keberatan dari warga dan pelaku usaha. Bagian Hukum menyatakan aturan pengganti sedang disusun. Anggota DPRD meminta pemerintah kota lebih cermat sebelum menerbitkan aturan.,a2f958d5cd9b0f4a,,fixture,Pemerintah Kota perwali tentang retribusi parkir dicabut setelah tiga bulan berlaku pada 2019-10-21. Pencabutan dilakukan setelah gelombang keberatan dari warga dan pelaku usaha.,kebijakan / regulasi,"['perwali', 'tentang', 'retribusi', 'parkir']",MKS-PRW-F03,,https://kabar-pelabuhan.example/2019/10/21/perwali-tentang-retribusi-parkir-dicabut-setelah-tiga-bulan-,,2026-09-09,2026-09-09T00:00:00+07:00,2026-09-09T00:00:00+07:00,True,
ART-F035,kabar-pelabuhan.example,https://kabar-pelabuhan.example/2019/10/22/lanjutan-perwali-tentang-retribusi-parkir-dicabut-setelah-ti,Lanjutan: perwali tentang retribusi parkir dicabut setelah tiga bulan berlaku,2019-10-22,"Pemerintah Kota perwali tentang retribusi parkir dicabut setelah tiga bulan berlaku pada 2019-10-21. Pencabutan dilakukan setelah gelombang keberatan dari warga dan pelaku usaha. Bagian Hukum menyatakan aturan pengganti sedang disusun. Anggota DPRD meminta pemerintah kota lebih cermat sebelum menerbitkan aturan. Pada hari berikutnya, sejumlah warga masih mendatangi kantor kecamatan untuk menanyakan kelanjutan persoalan itu.",3a0ca557fe952daa,,fixture,Pemerintah Kota perwali tentang retribusi parkir dicabut setelah tiga bulan berlaku pada 2019-10-21. Pencabutan dilakukan setelah gelombang keberatan dari warga dan pelaku usaha.,kebijakan / regulasi,"['perwali', 'tentang', 'retribusi', 'parkir']",MKS-PRW-F03,,https://kabar-pelabuhan.example/2019/10/22/lanjutan-perwali-tentang-retribusi-parkir-dicabut-setelah-ti,,2026-09-09,2026-09-09T00:00:00+07:00,2026-09-09T00:00:00+07:00,True,
ART-F036,kabar-pelabuhan.example,https://kabar-pelabuhan.example/2019/10/23/lanjutan-perwali-tentang-retribusi-parkir-dicabut-setelah-ti,Lanjutan: perwali tentang retribusi parkir dicabut setelah tiga bulan berlaku,2019-10-23,"Pemerintah Kota perwali tentang retribusi parkir dicabut setelah tiga bulan berlaku pada 2019-10-21. Pencabutan dilakukan setelah gelombang keberatan dari warga dan pelaku usaha. Bagian Hukum menyatakan aturan pengganti sedang disusun. Anggota DPRD meminta pemerintah kota lebih cermat sebelum menerbitkan aturan. Pada hari berikutnya, sejumlah warga masih mendatangi kantor kecamatan untuk menanyakan kelanjutan persoalan itu.",3a0ca557fe952daa,,fixture,Pemerintah Kota perwali tentang retribusi parkir dicabut setelah tiga bulan berlaku pada 2019-10-21. Pencabutan dilakukan setelah gelombang keberatan dari warga dan pelaku usaha.,kebijakan / regulasi,"['perwali', 'tentang', 'retribusi', 'parkir']",MKS-PRW-F03,,https://kabar-pelabuhan.example/2019/10/23/lanjutan-perwali-tentang-retribusi-parkir-dicabut-setelah-ti,,2026-09-09,2026-09-09T00:00:00+07:00,2026-09-09T00:00:00+07:00,True,
ART-F037,kabar-pelabuhan.example,https://kabar-pelabuhan.example/2019/10/24/lanjutan-perwali-tentang-retribusi-parkir-dicabut-setelah-ti,Lanjutan: perwali tentang retribusi parkir dicabut setelah tiga bulan berlaku,2019-10-24,"Pemerintah Kota perwali tentang retribusi parkir dicabut setelah tiga bulan berlaku pada 2019-10-21. Pencabutan dilakukan setelah gelombang keberatan dari warga dan pelaku usaha. Bagian Hukum menyatakan aturan pengganti sedang disusun. Anggota DPRD meminta pemerintah kota lebih cermat sebelum menerbitkan aturan. Pada hari berikutnya, sejumlah warga masih mendatangi kantor kecamatan untuk menanyakan kelanjutan persoalan itu.",3a0ca557fe952daa,,fixture,Pemerintah Kota perwali tentang retribusi parkir dicabut setelah tiga bulan berlaku pada 2019-10-21. Pencabutan dilakukan setelah gelombang keberatan dari warga dan pelaku usaha.,kebijakan / regulasi,"['perwali', 'tentang', 'retribusi', 'parkir']",MKS-PRW-F03,,https://kabar-pelabuhan.example/2019/10/24/lanjutan-perwali-tentang-retribusi-parkir-dicabut-setelah-ti,,2026-09-09,2026-09-09T00:00:00+07:00,2026-09-09T00:00:00+07:00,True,
ART-F038,harian-losari.example,https://harian-losari.example/2020/08/19/ombudsman-perwakilan-menyatakan-maladministrasi-dalam-penyal,Ombudsman perwakilan menyatakan maladministrasi dalam penyaluran bantuan,2020-08-19,"Ombudsman ombudsman perwakilan menyatakan maladministrasi dalam penyaluran bantuan, menurut dokumen yang diperoleh redaksi pada 2020-08-17. Dokumen itu mencatat sejumlah temuan yang harus ditindaklanjuti dalam 60 hari. Kepala dinas terkait mengatakan pihaknya akan mempelajari temuan tersebut. Pemerintah Kota menyatakan menghormati proses yang berjalan.",e7ec90e846514263,Tamalanrea,fixture,"Ombudsman ombudsman perwakilan menyatakan maladministrasi dalam penyaluran bantuan, menurut dokumen yang diperoleh redaksi pada 2020-08-17. Dokumen itu mencatat sejumlah temuan yang harus ditindaklanjuti dalam 60 hari.",penindakan / pengawasan,"['ombudsman', 'menyatakan', 'perwakilan', 'maladministrasi']",MKS-PRW-F04,,https://harian-losari.example/2020/08/19/ombudsman-perwakilan-menyatakan-maladministrasi-dalam-penyal,,2026-09-09,2026-09-09T00:00:00+07:00,2026-09-09T00:00:00+07:00,True,
ART-F039,sulsel-kini.example,https://sulsel-kini.example/2020/08/18/ombudsman-perwakilan-menyatakan-maladministrasi-dalam-penyal,Ombudsman perwakilan menyatakan maladministrasi dalam penyaluran bantuan,2020-08-18,"Ombudsman ombudsman perwakilan menyatakan maladministrasi dalam penyaluran bantuan, menurut dokumen yang diperoleh redaksi pada 2020-08-17. Dokumen itu mencatat sejumlah temuan yang harus ditindaklanjuti dalam 60 hari. Kepala dinas terkait mengatakan pihaknya akan mempelajari temuan tersebut. Pemerintah Kota menyatakan menghormati proses yang berjalan.",e7ec90e846514263,Tamalanrea,fixture,"Ombudsman ombudsman perwakilan menyatakan maladministrasi dalam penyaluran bantuan, menurut dokumen yang diperoleh redaksi pada 2020-08-17. Dokumen itu mencatat sejumlah temuan yang harus ditindaklanjuti dalam 60 hari.",penindakan / pengawasan,"['ombudsman', 'menyatakan', 'perwakilan', 'maladministrasi']",MKS-PRW-F04,,https://sulsel-kini.example/2020/08/18/ombudsman-perwakilan-menyatakan-maladministrasi-dalam-penyal,,2026-09-09,2026-09-09T00:00:00+07:00,2026-09-09T00:00:00+07:00,True,
ART-F040,kabar-pelabuhan.example,https://kabar-pelabuhan.example/2020/08/17/ombudsman-perwakilan-menyatakan-maladministrasi-dalam-penyal,Ombudsman perwakilan menyatakan maladministrasi dalam penyaluran bantuan,2020-08-17,"Ombudsman ombudsman perwakilan menyatakan maladministrasi dalam penyaluran bantuan, menurut dokumen yang diperoleh redaksi pada 2020-08-17. Dokumen itu mencatat sejumlah temuan yang harus ditindaklanjuti dalam 60 hari. Kepala dinas terkait mengatakan pihaknya akan mempelajari temuan tersebut. Pemerintah Kota menyatakan menghormati proses yang berjalan.",e7ec90e846514263,Tamalanrea,fixture,"Ombudsman ombudsman perwakilan menyatakan maladministrasi dalam penyaluran bantuan, menurut dokumen yang diperoleh redaksi pada 2020-08-17. Dokumen itu mencatat sejumlah temuan yang harus ditindaklanjuti dalam 60 hari.",penindakan / pengawasan,"['ombudsman', 'menyatakan', 'perwakilan', 'maladministrasi']",MKS-PRW-F04,,https://kabar-pelabuhan.example/2020/08/17/ombudsman-perwakilan-menyatakan-maladministrasi-dalam-penyal,,2026-09-09,2026-09-09T00:00:00+07:00,2026-09-09T00:00:00+07:00,True,
ART-F041,sulsel-kini.example,https://sulsel-kini.example/2024/07/30/aksi-warga-menolak-penggusuran-bantaran-kanal,Aksi warga menolak penggusuran bantaran kanal,2024-07-30,Ratusan warga menggelar unjuk rasa aksi warga menolak penggusuran bantaran kanal pada 2024-07-29. Massa menuntut pembatalan kebijakan itu. Aksi berlangsung sekitar tiga jam dan dijaga aparat kepolisian. Pemerintah Kota belum memberikan tanggapan resmi hingga berita ini diturunkan.,d0cc1505d5dca809,Tallo,fixture,Ratusan warga menggelar unjuk rasa aksi warga menolak penggusuran bantaran kanal pada 2024-07-29. Massa menuntut pembatalan kebijakan itu. Aksi berlangsung sekitar tiga jam dan dijaga aparat kepolisian.,mobilisasi / protes,"['aksi', 'warga', 'menolak', 'penggusuran']",MKS-PRW-F05,,https://sulsel-kini.example/2024/07/30/aksi-warga-menolak-penggusuran-bantaran-kanal,,2026-09-09,2026-09-09T00:00:00+07:00,2026-09-09T00:00:00+07:00,True,
ART-F042,kabar-pelabuhan.example,https://kabar-pelabuhan.example/2024/07/29/aksi-warga-menolak-penggusuran-bantaran-kanal,Aksi warga menolak penggusuran bantaran kanal,2024-07-29,Ratusan warga menggelar unjuk rasa aksi warga menolak penggusuran bantaran kanal pada 2024-07-29. Massa menuntut pembatalan kebijakan itu. Aksi berlangsung sekitar tiga jam dan dijaga aparat kepolisian. Pemerintah Kota belum memberikan tanggapan resmi hingga berita ini diturunkan.,d0cc1505d5dca809,Tallo,fixture,Ratusan warga menggelar unjuk rasa aksi warga menolak penggusuran bantaran kanal pada 2024-07-29. Massa menuntut pembatalan kebijakan itu. Aksi berlangsung sekitar tiga jam dan dijaga aparat kepolisian.,mobilisasi / protes,"['aksi', 'warga', 'menolak', 'penggusuran']",MKS-PRW-F05,,https://kabar-pelabuhan.example/2024/07/29/aksi-warga-menolak-penggusuran-bantaran-kanal,,2026-09-09,2026-09-09T00:00:00+07:00,2026-09-09T00:00:00+07:00,True,
ART-F043,kabar-pelabuhan.example,https://kabar-pelabuhan.example/2024/07/30/lanjutan-aksi-warga-menolak-penggusuran-bantaran-kanal,Lanjutan: aksi warga menolak penggusuran bantaran kanal,2024-07-30,"Ratusan warga menggelar unjuk rasa aksi warga menolak penggusuran bantaran kanal pada 2024-07-29. Massa menuntut pembatalan kebijakan itu. Aksi berlangsung sekitar tiga jam dan dijaga aparat kepolisian. Pemerintah Kota belum memberikan tanggapan resmi hingga berita ini diturunkan. Pada hari berikutnya, sejumlah warga masih mendatangi kantor kecamatan untuk menanyakan kelanjutan persoalan itu.",ec155b0db47bd253,Tallo,fixture,Ratusan warga menggelar unjuk rasa aksi warga menolak penggusuran bantaran kanal pada 2024-07-29. Massa menuntut pembatalan kebijakan itu. Aksi berlangsung sekitar tiga jam dan dijaga aparat kepolisian.,mobilisasi / protes,"['warga', 'aksi', 'menolak', 'penggusuran']",MKS-PRW-F05,,https://kabar-pelabuhan.example/2024/07/30/lanjutan-aksi-warga-menolak-penggusuran-bantaran-kanal,,2026-09-09,2026-09-09T00:00:00+07:00,2026-09-09T00:00:00+07:00,True,
ART-F044,suara-tamalanrea.example,https://suara-tamalanrea.example/2024/10/16/bawaslu-meregistrasi-laporan-dugaan-penyalahgunaan-program-k,Bawaslu meregistrasi laporan dugaan penyalahgunaan program kota untuk kampanye provinsi,2024-10-16,"Bawaslu bawaslu meregistrasi laporan dugaan penyalahgunaan program kota untuk kampanye provinsi, menurut dokumen yang diperoleh redaksi pada 2024-10-14. Dokumen itu mencatat sejumlah temuan yang harus ditindaklanjuti dalam 60 hari. Kepala dinas terkait mengatakan pihaknya akan mempelajari temuan tersebut. Pemerintah Kota menyatakan menghormati proses yang berjalan.",ec842094cb32a22a,,fixture,"Bawaslu bawaslu meregistrasi laporan dugaan penyalahgunaan program kota untuk kampanye provinsi, menurut dokumen yang diperoleh redaksi pada 2024-10-14.",penindakan / pengawasan,"['bawaslu', 'meregistrasi', 'laporan', 'dugaan']",MKS-PRW-F06,,https://suara-tamalanrea.example/2024/10/16/bawaslu-meregistrasi-laporan-dugaan-penyalahgunaan-program-k,,2026-09-09,2026-09-09T00:00:00+07:00,2026-09-09T00:00:00+07:00,True,
ART-F045,suara-tamalanrea.example,https://suara-tamalanrea.example/2024/10/17/lanjutan-bawaslu-meregistrasi-laporan-dugaan-penyalahgunaan-,Lanjutan: bawaslu meregistrasi laporan dugaan penyalahgunaan program kota untuk kampanye provinsi,2024-10-17,"Bawaslu bawaslu meregistrasi laporan dugaan penyalahgunaan program kota untuk kampanye provinsi, menurut dokumen yang diperoleh redaksi pada 2024-10-14. Dokumen itu mencatat sejumlah temuan yang harus ditindaklanjuti dalam 60 hari. Kepala dinas terkait mengatakan pihaknya akan mempelajari temuan tersebut. Pemerintah Kota menyatakan menghormati proses yang berjalan. Pada hari berikutnya, sejumlah warga masih mendatangi kantor kecamatan untuk menanyakan kelanjutan persoalan itu.",0023c8cd1f4321eb,,fixture,"Bawaslu bawaslu meregistrasi laporan dugaan penyalahgunaan program kota untuk kampanye provinsi, menurut dokumen yang diperoleh redaksi pada 2024-10-14.",penindakan / pengawasan,"['bawaslu', 'meregistrasi', 'laporan', 'dugaan']",MKS-PRW-F06,,https://suara-tamalanrea.example/2024/10/17/lanjutan-bawaslu-meregistrasi-laporan-dugaan-penyalahgunaan-,,2026-09-09,2026-09-09T00:00:00+07:00,2026-09-09T00:00:00+07:00,True,
ART-F046,kabar-pelabuhan.example,https://kabar-pelabuhan.example/2024/10/14/bawaslu-meregistrasi-laporan-dugaan-penyalahgunaan-program-k,Bawaslu meregistrasi laporan dugaan penyalahgunaan program kota untuk kampanye provinsi,2024-10-14,"Bawaslu bawaslu meregistrasi laporan dugaan penyalahgunaan program kota untuk kampanye provinsi, menurut dokumen yang diperoleh redaksi pada 2024-10-14. Dokumen itu mencatat sejumlah temuan yang harus ditindaklanjuti dalam 60 hari. Kepala dinas terkait mengatakan pihaknya akan mempelajari temuan tersebut. Pemerintah Kota menyatakan menghormati proses yang berjalan.",ec842094cb32a22a,,fixture,"Bawaslu bawaslu meregistrasi laporan dugaan penyalahgunaan program kota untuk kampanye provinsi, menurut dokumen yang diperoleh redaksi pada 2024-10-14.",penindakan / pengawasan,"['bawaslu', 'meregistrasi', 'laporan', 'dugaan']",MKS-PRW-F06,,https://kabar-pelabuhan.example/2024/10/14/bawaslu-meregistrasi-laporan-dugaan-penyalahgunaan-program-k,,2026-09-09,2026-09-09T00:00:00+07:00,2026-09-09T00:00:00+07:00,True,
ART-F047,kabar-pelabuhan.example,https://kabar-pelabuhan.example/2024/10/15/lanjutan-bawaslu-meregistrasi-laporan-dugaan-penyalahgunaan-,Lanjutan: bawaslu meregistrasi laporan dugaan penyalahgunaan program kota untuk kampanye provinsi,2024-10-15,"Bawaslu bawaslu meregistrasi laporan dugaan penyalahgunaan program kota untuk kampanye provinsi, menurut dokumen yang diperoleh redaksi pada 2024-10-14. Dokumen itu mencatat sejumlah temuan yang harus ditindaklanjuti dalam 60 hari. Kepala dinas terkait mengatakan pihaknya akan mempelajari temuan tersebut. Pemerintah Kota menyatakan menghormati proses yang berjalan. Pada hari berikutnya, sejumlah warga masih mendatangi kantor kecamatan untuk menanyakan kelanjutan persoalan itu.",0023c8cd1f4321eb,,fixture,"Bawaslu bawaslu meregistrasi laporan dugaan penyalahgunaan program kota untuk kampanye provinsi, menurut dokumen yang diperoleh redaksi pada 2024-10-14.",penindakan / pengawasan,"['bawaslu', 'meregistrasi', 'laporan', 'dugaan']",MKS-PRW-F06,,https://kabar-pelabuhan.example/2024/10/15/lanjutan-bawaslu-meregistrasi-laporan-dugaan-penyalahgunaan-,,2026-09-09,2026-09-09T00:00:00+07:00,2026-09-09T00:00:00+07:00,True,
ART-F048,kabar-pelabuhan.example,https://kabar-pelabuhan.example/2024/10/16/lanjutan-bawaslu-meregistrasi-laporan-dugaan-penyalahgunaan-,Lanjutan: bawaslu meregistrasi laporan dugaan penyalahgunaan program kota untuk kampanye provinsi,2024-10-16,"Bawaslu bawaslu meregistrasi laporan dugaan penyalahgunaan program kota untuk kampanye provinsi, menurut dokumen yang diperoleh redaksi pada 2024-10-14. Dokumen itu mencatat sejumlah temuan yang harus ditindaklanjuti dalam 60 hari. Kepala dinas terkait mengatakan pihaknya akan mempelajari temuan tersebut. Pemerintah Kota menyatakan menghormati proses yang berjalan. Pada hari berikutnya, sejumlah warga masih mendatangi kantor kecamatan untuk menanyakan kelanjutan persoalan itu.",0023c8cd1f4321eb,,fixture,"Bawaslu bawaslu meregistrasi laporan dugaan penyalahgunaan program kota untuk kampanye provinsi, menurut dokumen yang diperoleh redaksi pada 2024-10-14.",penindakan / pengawasan,"['bawaslu', 'meregistrasi', 'laporan', 'dugaan']",MKS-PRW-F06,,https://kabar-pelabuhan.example/2024/10/16/lanjutan-bawaslu-meregistrasi-laporan-dugaan-penyalahgunaan-,,2026-09-09,2026-09-09T00:00:00+07:00,2026-09-09T00:00:00+07:00,True,
ART-F049,kupang-kini.example,https://kupang-kini.example/2023/05/08/unjuk-rasa-mahasiswa-soal-tarif-air-minum,Unjuk rasa mahasiswa soal tarif air minum,2023-05-08,Ratusan mahasiswa menggelar unjuk rasa unjuk rasa mahasiswa soal tarif air minum pada 2023-05-08. Massa menuntut pembatalan kebijakan itu. Aksi berlangsung sekitar tiga jam dan dijaga aparat kepolisian. Pemerintah Kota belum memberikan tanggapan resmi hingga berita ini diturunkan.,af4900076484d60a,Kelapa Lima,fixture,Ratusan mahasiswa menggelar unjuk rasa unjuk rasa mahasiswa soal tarif air minum pada 2023-05-08. Massa menuntut pembatalan kebijakan itu. Aksi berlangsung sekitar tiga jam dan dijaga aparat kepolisian.,mobilisasi / protes,"['unjuk', 'rasa', 'mahasiswa', 'soal']",KPG-PRW-F01,,https://kupang-kini.example/2023/05/08/unjuk-rasa-mahasiswa-soal-tarif-air-minum,,2026-09-09,2026-09-09T00:00:00+07:00,2026-09-09T00:00:00+07:00,True,
ART-F050,kupang-kini.example,https://kupang-kini.example/2023/05/09/lanjutan-unjuk-rasa-mahasiswa-soal-tarif-air-minum,Lanjutan: unjuk rasa mahasiswa soal tarif air minum,2023-05-09,"Ratusan mahasiswa menggelar unjuk rasa unjuk rasa mahasiswa soal tarif air minum pada 2023-05-08. Massa menuntut pembatalan kebijakan itu. Aksi berlangsung sekitar tiga jam dan dijaga aparat kepolisian. Pemerintah Kota belum memberikan tanggapan resmi hingga berita ini diturunkan. Pada hari berikutnya, sejumlah warga masih mendatangi kantor kecamatan untuk menanyakan kelanjutan persoalan itu.",50be642cf29a5a7c,Kelapa Lima,fixture,Ratusan mahasiswa menggelar unjuk rasa unjuk rasa mahasiswa soal tarif air minum pada 2023-05-08. Massa menuntut pembatalan kebijakan itu. Aksi berlangsung sekitar tiga jam dan dijaga aparat kepolisian.,mobilisasi / protes,"['unjuk', 'rasa', 'mahasiswa', 'soal']",KPG-PRW-F01,,https://kupang-kini.example/2023/05/09/lanjutan-unjuk-rasa-mahasiswa-soal-tarif-air-minum,,2026-09-09,2026-09-09T00:00:00+07:00,2026-09-09T00:00:00+07:00,True,
ART-F051,timor-pagi.example,https://timor-pagi.example/2024/09/04/temuan-bpk-atas-belanja-jasa-publikasi,Temuan BPK atas belanja jasa publikasi,2024-09-04,"Temuan temuan BPK atas belanja jasa publikasi, menurut dokumen yang diperoleh redaksi pada 2024-09-02. Dokumen itu mencatat sejumlah temuan yang harus ditindaklanjuti dalam 60 hari. Kepala dinas terkait mengatakan pihaknya akan mempelajari temuan tersebut. Pemerintah Kota menyatakan menghormati proses yang berjalan.",d7edb42d90a462a7,,fixture,"Temuan temuan BPK atas belanja jasa publikasi, menurut dokumen yang diperoleh redaksi pada 2024-09-02. Dokumen itu mencatat sejumlah temuan yang harus ditindaklanjuti dalam 60 hari.",penindakan / pengawasan,"['temuan', 'atas', 'belanja', 'jasa']",KPG-PRW-F02,,https://timor-pagi.example/2024/09/04/temuan-bpk-atas-belanja-jasa-publikasi,,2026-09-09,2026-09-09T00:00:00+07:00,2026-09-09T00:00:00+07:00,True,
